firstname,gender,invrank,origin,rank
Abbie,female,578,human,1
Abby,female,577,subterraean,2
Abe,male,576,human,3
Abel,male,575,human,4
Abram,male,574,human,5
Adan,male,573,human,6
Adell,female,572,human,7
Adrianna,female,571,human,8
Agnus,female,570,human,9
Al,male,569,human,10
Alan,male,568,human,11
Alanna,female,567,human,12
Albert,male,566,human,13
Aldo,male,565,human,14
Aleida,female,564,human,15
Alesha,female,563,human,16
Alexia,female,562,human,17
Alexis,male,561,human,18
Alina,female,560,human,19
Allan,male,559,human,20
Alma,female,558,human,21
Alpha,female,557,human,22
Alysa,female,556,human,23
Amada,female,555,human,24
Amado,male,554,human,25
Amiee,female,553,human,26
An,female,552,aquatic,27
Ana,female,551,human,28
Anderson,male,550,human,29
Andrea,male,549,human,30
Angelia,female,548,human,31
Angelika,female,547,human,32
Angella,female,546,subterraean,33
Anjanette,female,545,human,34
Annabell,female,544,human,35
Antonetta,female,543,human,36
Antonia,male,542,human,37
Antwan,male,541,human,38
Archie,male,540,human,39
Ardith,female,539,human,40
Arianne,female,538,human,41
Ariel,male,537,human,42
Arielle,female,536,human,43
Armandina,female,535,human,44
Arnetta,female,534,human,45
Arnette,female,533,human,46
Arnita,female,532,human,47
Arnold,male,531,human,48
Aron,male,530,human,49
Art,male,529,human,50
Arthur,male,528,human,51
Ashley,male,527,human,52
Audie,female,526,human,53
Aurelio,male,525,human,54
Aurora,female,524,human,55
Barry,male,523,human,56
Belva,female,522,alien,57
Benjamin,male,521,aquatic,58
Bernardo,male,520,human,59
Beverlee,female,519,subterraean,60
Blondell,female,518,human,61
Bo,male,517,human,62
Booker,male,516,human,63
Boyce,male,515,human,64
Brandy,female,514,human,65
Brendon,male,513,aquatic,66
Brenton,male,512,human,67
Bret,male,511,human,68
Brett,male,510,human,69
Brian,male,509,human,70
Brianna,female,508,subterraean,71
Bridgette,female,507,human,72
Brigida,female,506,human,73
Britta,female,505,human,74
Brittaney,female,504,human,75
Broderick,male,503,human,76
Burl,male,502,subterraean,77
Calista,female,501,human,78
Calvin,male,500,subterraean,79
Cami,female,499,human,80
Candace,female,498,human,81
Candida,female,497,human,82
Carin,female,496,human,83
Carolann,female,495,aquatic,84
Caroyln,female,494,human,85
Carroll,male,493,alien,86
Cary,male,492,human,87
Caterina,female,491,subterraean,88
Catherin,female,490,human,89
Catherine,female,489,alien,90
Celestine,female,488,human,91
Chan,female,487,human,92
Charise,female,486,subterraean,93
Charolette,female,485,human,94
Chase,male,484,human,95
Chere,female,483,human,96
Cherise,female,482,aquatic,97
Chris,male,481,human,98
Christiane,female,480,human,99
Chrystal,female,479,human,100
Chuck,male,478,human,101
Clarinda,female,477,human,102
Classie,female,476,human,103
Clemencia,female,475,alien,104
Clemente,male,474,human,105
Cleopatra,female,473,human,106
Clinton,male,472,human,107
Colby,male,471,human,108
Cole,male,470,aquatic,109
Colene,female,469,human,110
Collin,male,468,human,111
Cori,female,467,human,112
Corine,female,466,human,113
Craig,male,465,human,114
Cristal,female,464,human,115
Cruz,male,463,aquatic,116
Crysta,female,462,aquatic,117
Curt,male,461,human,118
Cythia,female,460,human,119
Dacia,female,459,human,120
Dania,female,458,human,121
Dannette,female,457,human,122
Dannie,male,456,human,123
Dante,male,455,human,124
Darrel,male,454,human,125
Daryl,male,453,aquatic,126
Deborah,female,452,human,127
Debra,female,451,human,128
Debroah,female,450,human,129
Deidre,female,449,human,130
Deja,female,448,alien,131
Del,male,447,human,132
Delena,female,446,human,133
Delores,female,445,human,134
Demetria,female,444,human,135
Demetrius,male,443,human,136
Deon,male,442,subterraean,137
Derick,male,441,human,138
Derrick,male,440,human,139
Dewayne,male,439,human,140
Dick,male,438,human,141
Diedra,female,437,human,142
Diego,male,436,human,143
Dillon,male,435,aquatic,144
Dominic,male,434,human,145
Dominick,male,433,human,146
Dominique,male,432,human,147
Don,male,431,human,148
Donald,male,430,human,149
Dorethea,female,429,human,150
Dorsey,male,428,human,151
Dorthea,female,427,aquatic,152
Dwayne,male,426,human,153
Dylan,male,425,human,154
Earl,male,424,human,155
Earnest,male,423,human,156
Edgardo,male,422,human,157
Edris,female,421,human,158
Edwardo,male,420,human,159
Edwin,male,419,human,160
Elana,female,418,human,161
Elbert,male,417,human,162
Elda,female,416,human,163
Eldridge,male,415,human,164
Eleonor,female,414,human,165
Elfriede,female,413,subterraean,166
Eliseo,male,412,subterraean,167
Ellan,female,411,human,168
Elliot,male,410,human,169
Eloise,female,409,subterraean,170
Elvis,male,408,human,171
Emelda,female,407,human,172
Emelia,female,406,human,173
Emeline,female,405,subterraean,174
Emery,male,404,human,175
Emilia,female,403,human,176
Erin,male,402,human,177
Erlinda,female,401,human,178
Erma,female,400,human,179
Ernest,male,399,human,180
Ernie,male,398,human,181
Ester,female,397,subterraean,182
Ethyl,female,396,subterraean,183
Eugena,female,395,human,184
Eugenio,male,394,human,185
Eulalia,female,393,human,186
Eusebio,male,392,subterraean,187
Eveline,female,391,aquatic,188
Evie,female,390,human,189
Ezra,male,389,aquatic,190
Fabiola,female,388,human,191
Faustino,male,387,human,192
Fausto,male,386,human,193
Fawn,female,385,human,194
Fe,female,384,human,195
Felipe,male,383,human,196
Felton,male,382,human,197
Fermin,male,381,human,198
Flo,female,380,subterraean,199
Flora,female,379,human,200
Forrest,male,378,human,201
Franklin,male,377,human,202
Garrett,male,376,human,203
Gearldine,female,375,aquatic,204
Gema,female,374,human,205
Gena,female,373,human,206
Genia,female,372,subterraean,207
Geoffrey,male,371,human,208
Georgine,female,370,human,209
Gerard,male,369,human,210
Gerry,male,368,aquatic,211
Gertrud,female,367,human,212
Gilbert,male,366,human,213
Gilberte,female,365,human,214
Gilberto,male,364,human,215
Gino,male,363,human,216
Giuseppe,male,362,subterraean,217
Gladys,female,361,human,218
Glenda,female,360,alien,219
Graham,male,359,human,220
Gregoria,female,358,human,221
Gregory,male,357,human,222
Guy,male,356,human,223
Hana,female,355,human,224
Harley,male,354,human,225
Harold,male,353,human,226
Harriett,female,352,human,227
Harry,male,351,human,228
Heath,male,350,human,229
Hector,male,349,human,230
Helene,female,348,human,231
Henry,male,347,human,232
Hermina,female,346,human,233
Herminia,female,345,subterraean,234
Hobert,male,344,human,235
Hoyt,male,343,human,236
Humberto,male,342,human,237
Hyman,male,341,human,238
Ignacio,male,340,human,239
Ilda,female,339,subterraean,240
Ileen,female,338,human,241
Ilse,female,337,human,242
India,female,336,human,243
Iona,female,335,human,244
Irving,male,334,human,245
Irwin,male,333,aquatic,246
Isiah,male,332,human,247
Isis,female,331,human,248
Israel,male,330,human,249
Isreal,male,329,human,250
Jackeline,female,328,human,251
Jackson,male,327,human,252
Jacquline,female,326,human,253
Jacqulyn,female,325,human,254
Jaime,male,324,subterraean,255
Jalisa,female,323,human,256
Jamaal,male,322,human,257
James,male,321,human,258
Jamison,male,320,subterraean,259
Janell,female,319,human,260
Janette,female,318,human,261
Janise,female,317,human,262
Jazmin,female,316,human,263
Jeffry,male,315,human,264
Jena,female,314,human,265
Jenifer,female,313,human,266
Jenna,female,312,human,267
Jennefer,female,311,aquatic,268
Jerald,male,310,human,269
Jeremiah,male,309,human,270
Jeremy,male,308,aquatic,271
Jerold,male,307,human,272
Jerrell,male,306,human,273
Jesusita,female,305,alien,274
Ji,female,304,human,275
Joanna,female,303,human,276
Jocelyn,female,302,subterraean,277
Jodee,female,301,aquatic,278
Johanna,female,300,human,279
Johnathon,male,299,human,280
Joie,female,298,human,281
Jolanda,female,297,human,282
Joleen,female,296,human,283
Jolene,female,295,human,284
Jonathon,male,294,human,285
Josef,male,293,human,286
Josephine,female,292,human,287
Joshua,male,291,human,288
Juan,male,290,human,289
Jude,male,289,human,290
Judson,male,288,human,291
Julian,male,287,human,292
Julius,male,286,human,293
June,female,285,human,294
Justin,male,284,human,295
Justine,female,283,human,296
Kandy,female,282,human,297
Kasi,female,281,human,298
Kasie,female,280,human,299
Katherina,female,279,aquatic,300
Katina,female,278,subterraean,301
Kelvin,male,277,human,302
Keven,male,276,human,303
Khadijah,female,275,human,304
Kiley,female,274,human,305
Kimberly,female,273,human,306
Kirby,male,272,human,307
Kirk,male,271,human,308
Kirstin,female,270,human,309
Kristian,female,269,human,310
Kristie,female,268,human,311
Kylee,female,267,human,312
Kyung,female,266,human,313
Lakita,female,265,human,314
Lamont,male,264,human,315
Landon,male,263,human,316
Larae,female,262,human,317
Lasandra,female,261,aquatic,318
Latia,female,260,human,319
Latina,female,259,aquatic,320
Laura,female,258,human,321
Laureen,female,257,human,322
Laurice,female,256,human,323
Laverna,female,255,human,324
Laverne,male,254,human,325
Lavonia,female,253,human,326
Leana,female,252,human,327
Leigh,male,251,human,328
Leland,male,250,human,329
Lemuel,male,249,human,330
Leona,female,248,human,331
Leonard,male,247,human,332
Lera,female,246,human,333
Leroy,male,245,human,334
Lesha,female,244,human,335
Lesia,female,243,human,336
Leslie,male,242,human,337
Lester,male,241,subterraean,338
Levi,male,240,alien,339
Lezlie,female,239,human,340
Lianne,female,238,human,341
Librada,female,237,subterraean,342
Lila,female,236,human,343
Lin,female,235,human,344
Lindsey,male,234,subterraean,345
Lindy,female,233,human,346
Lisette,female,232,human,347
Lloyd,male,231,human,348
Lona,female,230,human,349
Lorean,female,229,human,350
Lorie,female,228,human,351
Lorina,female,227,human,352
Lorna,female,226,human,353
Lorrie,female,225,human,354
Lovella,female,224,human,355
Lowell,male,223,human,356
Luana,female,222,aquatic,357
Luciano,male,221,human,358
Lucien,male,220,human,359
Lucila,female,219,subterraean,360
Lucille,female,218,human,361
Lucio,male,217,subterraean,362
Ludie,female,216,human,363
Luigi,male,215,human,364
Lulu,female,214,human,365
Lupe,male,213,human,366
Lupita,female,212,subterraean,367
Lynwood,male,211,subterraean,368
Ma,female,210,subterraean,369
Madelaine,female,209,aquatic,370
Malisa,female,208,human,371
Mandi,female,207,human,372
Manuel,male,206,human,373
Marc,male,205,human,374
Marcella,female,204,human,375
Marcellus,male,203,human,376
Marcelo,male,202,human,377
Marcia,female,201,human,378
Marco,male,200,aquatic,379
Marcos,male,199,human,380
Margorie,female,198,human,381
Mariano,male,197,human,382
Mariel,female,196,human,383
Marinda,female,195,aquatic,384
Marlin,male,194,human,385
Marlyn,female,193,human,386
Marquerite,female,192,human,387
Marquis,male,191,human,388
Marquita,female,190,human,389
Maryanna,female,189,human,390
Marybeth,female,188,human,391
Mason,male,187,human,392
Maureen,female,186,human,393
Maurita,female,185,human,394
Mauro,male,184,human,395
Melvin,male,183,human,396
Mi,female,182,human,397
Michaela,female,181,human,398
Micheal,male,180,human,399
Michell,female,179,human,400
Mickey,male,178,human,401
Miguelina,female,177,human,402
Mildred,female,176,aquatic,403
Missy,female,175,alien,404
Mitch,male,174,human,405
Mitchel,male,173,human,406
Mitchell,male,172,human,407
My,female,171,subterraean,408
Myra,female,170,human,409
Myrtie,female,169,alien,410
Narcisa,female,168,human,411
Natalie,female,167,human,412
Neal,male,166,aquatic,413
Nickole,female,165,human,414
Nicky,male,164,aquatic,415
Niki,female,163,human,416
Nona,female,162,human,417
Nora,female,161,subterraean,418
Norah,female,160,human,419
Norberto,male,159,human,420
Norris,male,158,human,421
Nova,female,157,human,422
Nyla,female,156,human,423
Odelia,female,155,human,424
Olin,male,154,subterraean,425
Olympia,female,153,human,426
Orpha,female,152,human,427
Otis,male,151,human,428
Palmer,male,150,human,429
Palmira,female,149,alien,430
Pam,female,148,subterraean,431
Paola,female,147,human,432
Paris,male,146,human,433
Pat,male,145,human,434
Patience,female,144,aquatic,435
Patricia,male,143,human,436
Paul,male,142,human,437
Penney,female,141,human,438
Pete,male,140,human,439
Philomena,female,139,human,440
Phoebe,female,138,human,441
Phylis,female,137,human,442
Porsha,female,136,human,443
Quincy,male,135,human,444
Quinton,male,134,human,445
Rachel,female,133,human,446
Rachell,female,132,human,447
Ralph,male,131,human,448
Rashida,female,130,human,449
Raul,male,129,subterraean,450
Raymundo,male,128,subterraean,451
Rea,female,127,human,452
Rebeca,female,126,human,453
Rebecca,female,125,human,454
Renetta,female,124,human,455
Renna,female,123,human,456
Reuben,male,122,human,457
Rey,male,121,human,458
Reyes,male,120,human,459
Richelle,female,119,human,460
Rickey,male,118,alien,461
Rita,female,117,subterraean,462
Robby,male,116,subterraean,463
Robert,male,115,human,464
Robyn,female,114,human,465
Rod,male,113,subterraean,466
Rodney,male,112,subterraean,467
Rolando,male,111,human,468
Roman,male,110,human,469
Romelia,female,109,human,470
Rosalie,female,108,subterraean,471
Roscoe,male,107,human,472
Roselee,female,106,human,473
Rosendo,male,105,human,474
Rosette,female,104,human,475
Roxy,female,103,human,476
Rozella,female,102,human,477
Rubin,male,101,human,478
Rudy,male,100,human,479
Ryan,male,99,human,480
Sal,male,98,human,481
Sandra,female,97,human,482
Santo,male,96,subterraean,483
Saran,female,95,human,484
Sau,female,94,human,485
Scotty,male,93,subterraean,486
Serena,female,92,human,487
Serita,female,91,human,488
Shane,male,90,human,489
Shannon,male,89,human,490
Shantel,female,88,human,491
Shantell,female,87,human,492
Shanti,female,86,human,493
Shaquita,female,85,human,494
Shara,female,84,human,495
Shari,female,83,human,496
Sharolyn,female,82,human,497
Sharon,female,81,aquatic,498
Shawn,male,80,human,499
Shawna,female,79,human,500
Shayne,male,78,human,501
Shea,female,77,human,502
Sheena,female,76,human,503
Shela,female,75,human,504
Shera,female,74,subterraean,505
Sherice,female,73,human,506
Sherley,female,72,human,507
Sherron,female,71,human,508
Shonna,female,70,human,509
Sibyl,female,69,human,510
Simon,male,68,alien,511
Sonya,female,67,human,512
Sophia,female,66,human,513
Stanford,male,65,human,514
Stephani,female,64,alien,515
Stephen,male,63,human,516
Stuart,male,62,human,517
Sueann,female,61,human,518
Summer,female,60,human,519
Sun,female,59,human,520
Sunday,female,58,human,521
Suzan,female,57,human,522
Suzy,female,56,human,523
Svetlana,female,55,human,524
Sylvester,male,54,aquatic,525
Tamie,female,53,subterraean,526
Tammara,female,52,human,527
Tammi,female,51,aquatic,528
Taunya,female,50,human,529
Teena,female,49,human,530
Tenesha,female,48,human,531
Tequila,female,47,human,532
Terence,male,46,subterraean,533
Terrell,male,45,human,534
Terri,female,44,human,535
Thurman,male,43,human,536
Tiffani,female,42,human,537
Titus,male,41,human,538
Toby,male,40,human,539
Tommie,male,39,human,540
Tonette,female,38,human,541
Toya,female,37,human,542
Tracie,female,36,human,543
Trevor,male,35,human,544
Trudi,female,34,human,545
Twanna,female,33,human,546
Twila,female,32,human,547
Tyrell,male,31,human,548
Ulysses,male,30,human,549
Un,female,29,human,550
Valda,female,28,human,551
Valencia,female,27,human,552
Vella,female,26,aquatic,553
Vernie,female,25,human,554
Vernon,male,24,human,555
Vicenta,female,23,human,556
Vince,male,22,human,557
Violet,female,21,human,558
Von,male,20,human,559
Walton,male,19,human,560
Wanetta,female,18,human,561
Warren,male,17,aquatic,562
Weldon,male,16,human,563
Wilbur,male,15,human,564
Wilfred,male,14,human,565
Wilfredo,male,13,human,566
Will,male,12,subterraean,567
William,male,11,human,568
Williams,male,10,human,569
Wm,male,9,human,570
Yaeko,female,8,human,571
Yasmin,female,7,aquatic,572
Yelena,female,6,human,573
Yong,male,5,human,574
Yoshie,female,4,human,575
Young,male,3,human,576
Zina,female,2,human,577
Zoila,female,1,human,578
